{"acc": 0.8672551378974677, "loss": 0.14940695806373802, "_timestamp": 1721741488.2403793, "_runtime": 2.0790014266967773, "_step": 7, "_wandb": {"runtime": 1}}