{"acc": 0.8976463875724031, "loss": 0.11161451876923095, "_timestamp": 1721641860.0863166, "_runtime": 3.016521692276001, "_step": 7, "_wandb": {"runtime": 1}}